state,unemploymentRate_2022,edPercBS_2022,vacancyRate_2022,gini_2022,lowBirthweight_2024,foodEnvironmentIndex_2024,accessToExerciseOpportunities_2024,teenBirths_2024,uninsured_2024,primaryCarePhysicians_2024,mentalHealthProviders_2024,incomeInequality_2024,socialAssociations_2024,injuryDeaths_2024,drinkingWaterViolations_2024,lifeExpectancy_2024,prematureAgeAdjustedMortality_2024,infantMortality_2024,foodInsecurity_2024,drugOverdoseDeaths_2024,disconnectedYouth_2024,residentialSegregationBlackWhite_2024,motorVehicleCrashDeaths_2024,homeownership_2024,severeHousingCostBurden_2024,broadbandAccess_2024,schoolSegregation_2024,genderPayGap_2024,voterTurnout_2024,censusParticipation_2024,nCSA_2023,nFarmersMarket_2023,valueAddedFarmsPerc_2022,agTourSalesPerc_2022,d2cSalesPerc_2022,valueAddedSalesPerc_2022,localSalesPerc_2022,nSnapGrocPTH_2017,nGrocPTH_2016,foodInsecOverall_2021,foodInsecChild_2021,medianEarnMaleFood_2021,medianEarnFemaleFood_2021,womenEarnPercMaleFood_2021,medianEarnMaleFarm_2021,medianEarnFemaleFarm_2021,womenEarnPercMaleFarm_2021,droughtMeanPercArea_2024,forestCarbonLive_2016,forestCarbonDeadStanding_2016,forestCarbonDeadDown_2016,forestCanopyCover_2016,forestLiveTreeVolume_2016,forestLiveTrees_2016,forestDeadTrees_2016,forestStandHeight_2016,cropDiversity_2023,expHiredLaborPercOpExp_2022,farmIncomePF_2022,acresPF_2022,medianAcresPF_2022,landValPF_2022,landValPerAcre_2022,expChemicalPct_2022,salesAnimalPctSales_2022,incForestProducts_2022,ageProducers_2022,ftmProdRatio_2022,geoexchangeNOps_2022,methaneNOps_2022,solarNOps_2022,windTurbinesNOps_2022,CH4FromAg_2022,CO2FromAg_2022,N2OFromAg_2022,lakesLitripcvrCond_2022,lakesRvegCond_2022,riversNtlCond_2019,riversPtlCond_2019,riversRipvegCond_2019,riversSalCond_2019,propAreaFsaSecDisasters_2023,importsTopFive_2024,exportsTotalAgricultural_2022,sfaCulturallyRelevant_2023,sfaServeLocal_2023
AL,2.6,16.6909336973388,15.8372951604758,0.4797,0.1048000804,5.4,0.6133379536,24.929880741,0.1169335051,6.365235e-4,0.0013509263,5.212687998,11.694729852,90.379698685,0.223880597,73.707860971,548.75617143,7.7301098515,0.148,21.561301977,0.0801828751,57.393382221,20.588369126,0.6971999069,0.12266376,0.8378641078,0.2749319439,0.7448232257,0.6263600041,NA,0,111,0.011883732134254,0.00108987519446049,0.00155878270856783,8.39983014414618e-4,0.00447503994346106,0.947583512492,0.155609389598016,0.148,0.183,15361,13687,0.891,30328,25325,0.835,56.6412962962963,67.6182758007631,0.489581487654574,2.42504105878565,21.107535189907,60.0110284365545,11.8184432312249,839.931856264938,1597.17407958944,1.91430856166127,4.9,17013,231,75,845032,3659,2.9,80.7,72982000,58.7,0.540776254607657,121,23,699,58,2.70670947856753,0.00800833130739414,2.310242325559,0.6,0.577777777777778,0.666666666666667,0.666666666666667,0.925925925925926,1,0.776,277.312909,1702.514738,16.85,63.2
AK,4,19.2940101384936,18.9498080861344,0.4304,0.063686045,7,0.7823016645,19.681343426,0.1318429828,9.676895e-4,0.0072275394,4.1621441395,11.287436551,104.58505112,0.64,77.062678843,412.02006616,5.9151785714,0.107,25.143756696,0.1118221258,57.239680842,10.4600582,0.6626849638,0.1209540635,0.8936703786,0.2447918941,0.8336337289,0.6751039799,NA,0,48,0.0767263427109974,0.0285305448541552,0.0365437534397358,0.0296973032471106,0.110764997248211,0.608509307690332,0.289951234248231,0.107,0.128,21997,18592,0.845,52472,26250,0.5,2.24574074074074,NA,NA,NA,NA,NA,NA,NA,NA,NA,35.4,23601,742,12,773460,1043,0.8,56.3,33000,56.7,0.878761822871883,6,NA,184,19,0.045205289830445,0.00370843595698199,0.0112419180858079,NA,NA,NA,NA,NA,NA,NA,9.764982,20.61315443,32.14,75
AZ,3.8,19.6444979349078,11.5771097125414,0.461,0.0753659352,6.9,0.8547008726,18.656808092,0.131320436,6.644846e-4,0.0018201714,4.4010604587,5.5934898924,95.873422307,0.8,77.494876947,410.88166184,5.4843445608,0.103,32.703212905,0.0839399324,49.808074471,14.163674388,0.662746209,0.1342150065,0.8919922194,0.2340639127,0.8435117818,0.6707675857,NA,1,102,0.0128067025733094,0.00204181894295938,0.00388508766770574,0.00566281367763055,0.0508874791118635,0.52708166994142,0.113167580742045,0.103,0.14,19966,16419,0.822,29211,14478,0.496,81.2798148148148,28.3146588338112,0.974486876760602,0.889785900259403,7.86856158509694,24.8404798628448,20.8619840929914,246.789360493241,847.49447613903,2.16438894163693,14.8,49069,1528,6,1348526,883,4.8,41.6,79000,60.1,0.918906810035842,1,8,1414,91,3.00470725904048,0.0121517803844769,4.22544590250196,0.672727272727273,0.581818181818182,0.592592592592593,0.481481481481481,0.666666666666667,0.851851851851852,1,4295.76189,1704.342318,11.81,53.22
AR,3.3,15.623075950108399,14.5814454815125,0.4821,0.0929682707,4.7,0.6360420837,29.526517268,0.1105585942,6.76495e-4,0.0026188282,4.8035752197,11.804787416,88.912765638,0.2666666667,74.301374253,527.41551294,7.7694448084,0.155,17.31278853,0.0933571951,65.224924038,19.692505352,0.6622514069,0.1126263786,0.8241810575,0.2859207624,0.8088971701,0.5492588354,NA,0,74,0.00929653564996292,4.31681105080606e-4,6.14210265678856e-4,2.66635029238121e-4,0.00375915100989276,0.83122516158824,0.160513106898385,0.155,0.191,14375,13729,0.955,29462,20289,0.689,45.4061111111111,68.9598025103301,0.856861245745719,2.44472730651463,22.0096755061138,60.2015467624007,15.2857494200155,766.005020679565,1639.18938028117,1.48784178324716,5.3,20843,363,100,1425107,3921,8.1,61.6,29352000,57.6,0.649355326658503,256,7,1200,24,10.5329690679831,0.227326595783122,5.79932689991887,0.805555555555556,0.861111111111111,0.666666666666667,0.481481481481481,0.481481481481481,1,0.711,161.762063,4336.036778,11.35,73.75
CA,4.2,22.1113838854798,7.68570458392775,0.4895,0.070535468,8.6,0.9422980643,12.691785688,0.0806646064,8.10952e-4,0.0044982311,5.1613355703,6.0146028441,58.889467764,0.6206896552,79.929737978,318.53738899,4.1765547587,0.105,22.017787158,0.0662318472,57.988811933,10.432621242,0.5562826688,0.1974861596,0.9145198847,0.2868643338,0.8602370009,0.6789890246,NA,7,531,0.0459182057211645,0.00167953336691767,0.0152105030575449,0.0501885623713312,0.111632770915679,0.576822136469818,0.20082058955304,0.105,0.135,22440,17607,0.785,26140,17463,0.668,27.5435185185185,49.54113971256,3.04469354065183,4.73049306272057,34.4117368890655,67.8093292481373,22.3469791300202,320.848334285355,3419.03730759016,2.99613417863895,19.4,101348,383,24,5031367,13131,5.7,27.2,40522000,59.9,0.614384203566522,123,48,16403,312,23.6702594449091,0.0646506037165588,9.63515647522936,0.769230769230769,0.692307692307692,0.654545454545455,0.709090909090909,0.945454545454545,0.927272727272727,1,13417.480247,24743.0867,26.54,66.97
CO,3,27.2077152527393,8.88170249530518,0.456,0.0935058186,8.5,0.9007612777,13.852491217,0.093114804,8.286206e-4,0.0045652976,4.3884719616,8.5993473236,88.500351554,0.53125,79.020616517,326.81634743,4.761341126,0.092,25.652351143,0.0653275821,65.204577155,11.300870013,0.6617725558,0.144728553,0.9180608452,0.1850816458,0.8173741934,0.7896003226,NA,0,140,0.0245728866208121,0.00723295031420926,0.00328966629063045,0.00246570458647076,0.0234796014449853,0.44980901256361,0.144019378727832,0.092,0.105,21035,16218,0.771,31149,17246,0.554,43.7901851851852,39.1263898288277,2.35927473054458,2.04142693711178,13.3792263250555,39.9533912708062,36.5723058020805,452.562968387663,1521.68557229135,1.94077887942456,8.3,37787,838,75,2011854,2401,2.8,69.4,1498000,58.3,0.697585645165212,383,17,4294,573,7.15913006859751,0.0251022006191977,7.84300172016235,0.684210526315789,0.705263157894737,0.528301886792453,0.528301886792453,0.867924528301887,0.905660377358491,0.863,831.781904,2154.53464,17.99,67.92
CT,4.2,22.767346744473,7.93590155498612,0.4992,0.0789470457,8.3,0.9347330408,7.9528572963,0.0601548992,8.273249e-4,0.004577328,5.1026058632,8.9055987122,79.597561349,0.875,79.571096809,313.20840499,4.6716579286,0.105,38.563035229,0.0459685916,61.315039214,8.1337553361,0.6615004749,0.1634309362,0.9007296743,0.2191273324,0.828322795,0.6972423509,NA,1,131,0.0972716488730724,0.0195075805998006,0.0708445898919654,0.0458330137464952,0.106422417099174,0.617862565799635,0.231091180699891,0.105,0.115,21112,14767,0.699,25970,21680,0.835,24.8603703703704,70.6730011289329,0.530299297898803,3.25270990259223,33.4241263470136,67.3987329128083,17.5748629538813,513.860385960692,2327.22993901471,1.38972201888868,30.9,48751,74,20,1024371,13928,2.2,27.7,4058000,58.5,0.719722568024186,71,4,812,5,0.212259343976603,0.00148591018120582,0.117096997357245,0.818181818181818,0.75,0.25,0.3,0.85,1,1,648.527117,285.8093115,27.47,79.29
DE,4.5,19.877235266233,13.8534312466228,0.4508,0.0905523937,7.8,0.7918234089,16.019113822,0.0686933014,7.375043e-4,0.0032413717,4.3978253917,10.155633337,93.499639388,0.3333333333,77.376310786,393.62769388,6.6338084455,0.099,46.964244083,0.0509974354,44.103114282,12.928750803,0.719596401,0.1290667088,0.9034241645,0.1273019835,0.8374228323,0.6974196582,NA,1,21,0.0287303058387396,0.00257806852423112,0.00543718134991924,0.00233137938356344,0.0231472667368085,0.756295028513873,0.181202171054849,0.099,0.144,21243,12224,0.575,35243,26188,0.743,44.5837037037037,74.9372533475919,0.870297019126215,2.87451135407424,27.1941495804848,60.1975505704632,15.0086674620461,890.396257979246,1956.79601091592,1.51553433080992,5,43666,242,36,2305876,9518,3.2,77.5,181000,58.8,0.527150217994451,41,1,166,NA,0.0686553015776789,0.00253788751008631,0.316707181483857,0.466666666666667,0.8,0,0.45,0.55,1,NA,922.970536,353.6983673,23.22,71.83
DC,4.7,25.7657925364634,9.87150799721439,0.5171,0.0993033285,8.5,1,17.598536183,0.0372677488,0.0012879636,0.0068829702,6.5788723794,29.624654877,105.16372543,1,77.066067477,467.47865569,6.6953610713,0.103,56.736162481,0.068394475,66.466983870000007,6.0350030175,0.4144117042,0.1675826066,0.8902639454,0.3353604801,0.869392097,0.6521585152,0.613,0,70,NA,NA,NA,NA,NA,0.52597585235399,0.270909951571205,0.103,0.142,26635,20365,0.765,NA,23750,NA,54.2324074074074,78.5747651469448,0.952654504867956,3.69687392269241,38.7077533827458,70.4842713091442,20.2166139918577,722.265620960096,2674.08751743375,1.20521567735037,NA,NA,NA,NA,NA,NA,NA,NA,NA,NA,NA,NA,NA,NA,NA,0,0,0.00124488468465709,NA,NA,NA,NA,NA,NA,NA,97.70015,NA,29.86,81.34
FL,2.9,20.2456416934005,15.7575915264659,0.4858,0.0881213514,7.2,0.8747154995,15.99510888,0.1509828661,7.301275e-4,0.0020574675,4.6165975388,7.0818187194,91.03628884,0.4626865672,78.46886173,386.86937321,6.0263724393,0.106,31.274533241,0.0697818187,56.698365846,15.400283207,0.6686973667,0.1720981939,0.8879358818,0.2178327755,0.8433309809,0.723517535,NA,2,212,0.013914054985124,0.00390470042837861,0.00376914500322751,0.00553733153375193,0.0604901903252939,0.685034185982884,0.174406356728765,0.106,0.143,21040,17169,0.816,23562,16219,0.688,26.8155555555556,57.514345285412404,0.627645477048185,2.20444207038509,19.8362878305513,55.1010173548707,12.1233218743907,555.943868022759,1536.31017308738,2.22053655737631,23.2,53686,217,20,1588416,7319,8,20.8,64404000,59.5,0.699672186265445,118,30,2273,53,4.09080401561597,0.124013458683701,4.13374293272072,0.421875,0.5625,0.8,0.75,0.8,1,0.782,7146.932786,3533.131454,13.94,52.09
GA,3,20.4590968650382,10.8496469216903,0.4787,0.1011595262,6.4,0.7413365574,19.561924222,0.1476855778,6.593783e-4,0.0017897207,4.8487140181,8.9077653676,72.886242446,0.213836478,76.148948849,441.84796387,7.016356889,0.107,18.128050899,0.0787529524,56.501458271,15.103036992,0.6501668571,0.1390038312,0.877748835,0.252753427,0.8128156674,0.6682356966,NA,0,221,0.0154849225753871,0.00234542846896363,0.00350522668295746,0.00498195835874994,0.0236314078945738,0.853615965728981,0.170309593728648,0.107,0.133,16008,14437,0.902,26243,22600,0.861,32.4144444444444,66.7111611886915,0.572939331518095,2.47449321912542,22.6831850494443,61.8822789545947,12.530175650486,713.198765504394,1746.58548222895,1.8865523864023,7.5,31066,253,70,1080994,4270,5.8,67.3,114908000,59,0.553599454111225,173,14,968,46,2.96190077004291,0.0692438239283998,2.64421848529082,0.666666666666667,0.739130434782609,0.655172413793103,0.620689655172414,1,1,0.756,3247.360538,3863.68665,34.3,83.21
HI,3.5,22.2236239754569,13.7227144112838,0.4466,0.0845895715,7.4,0.9173954542,15.486377439,0.0440885199,8.913998e-4,0.0029857047,4.4054712293,6.4999344457,63.536385442,NA,81.781227611,301.916151,5.5550893681,0.119,18.408083048,0.0854238373,60.455007876,7.4403717378,0.6175083591,0.1856415952,0.8979657206,0.104693189,0.838677849,0.5681288369,NA,2,10,0.0767240066981276,0.0393483887820284,0.0637956828382133,0.177551589845884,0.341586818171024,0.615665978375274,0.206567444270554,0.119,0.178,28523,20472,0.718,23561,20546,0.872,57.497037037037,NA,NA,NA,NA,NA,NA,NA,NA,NA,37.3,63499,160,5,1829687,11411,3,23.6,9512000,60.7,0.754385964912281,2,NA,2247,54,0.301763101792032,0.00139862245516281,0.0825587589238057,NA,NA,NA,NA,NA,NA,0.181,68.091584,349.6231758,73.91,91.3
ID,2.7,20.1577832476557,11.0102164118823,0.4436,0.069488342,7.9,0.7741277556,15.086494545,0.1045640084,6.175947e-4,0.0025053725,3.993180771,7.0755101601,80.124174665,0.4318181818,78.351318259,335.661167,5.015621369,0.082,16.428218748,0.0631354137,77.925036715,13.891456122,0.7200687671,0.1085702115,0.8976178806,0.1338917818,0.7617909496,0.6914187397,NA,2,39,0.0188835948769506,0.00155239514952028,0.00192651604574686,0.0012807328840149,0.00722103824562179,0.578614822789405,0.156869269666593,0.082,0.086,14218,11682,0.822,33884,15881,0.469,63.902962962963,46.5655131169595,3.6145704607151,2.73468644206162,18.7263406671458,57.5176616726729,46.4726552568763,436.637178556935,2060.52586847984,2.35578993069997,11.2,42336,505,35,2124863,4209,4.4,56.3,10515000,56.6,0.653930090623266,191,10,1427,99,9.52099658865977,0.160855508274187,5.37969785335036,0.767857142857143,0.723214285714286,0.854166666666667,0.9375,0.75,1,0.738,434.747772,2896.318428,16.13,57.47
IL,4.6,22.0014575112823,8.44971134200311,0.4812,0.0846453205,8.4,0.9059868685,14.655666881,0.0818716742,7.912263e-4,0.0031448815,4.970359758,9.7210512846,73.850800115,0.3333333333,77.954424184,373.87694207,5.9868764823,0.095,26.630059672,0.0658978243,71.509494553,9.3195236549,0.6667273793,0.1401657656,0.8813758601,0.3546916024,0.7976601458,0.6656531407,NA,5,341,0.00994052556838153,8.6708833470927e-4,0.00200540202164904,0.00106661782969977,0.00773792870214183,0.6530545388964,0.215952496687624,0.095,0.113,18620,14748,0.792,33270,21490,0.646,44.0390740740741,70.0264939207317,0.998441612835963,2.73185841202841,24.1514761164788,66.8984552322957,18.3961382511869,458.418554712428,1725.87513915975,0.888426442740254,5.2,28134,370,100,3112490,8420,10.2,15.6,17289000,58.6,0.398058578906662,2262,21,3369,1117,4.32193666739673,1.03360514105266,16.2127094498504,0.933333333333333,0.983333333333333,0.340909090909091,0.295454545454545,0.818181818181818,0.977272727272727,0.658,9972.366482,13690.18217,6.28,45.21
IN,3,18.0016906103606,9.48640895586535,0.4517,0.0827415771,6.8,0.7651310259,20.180871493,0.0890779494,6.560402e-4,0.0019980866,4.3182778118,11.785215513,90.214942993,0.2934782609,75.632943731,452.74215237,6.970938061,0.107,33.661593413,0.0613586636,68.300304953,12.95395721,0.7011489315,0.1098881452,0.867291027,0.2508051821,0.7736034419,0.6147998228,NA,3,179,0.0155226776618967,8.08418288435104e-4,0.00250484870708262,0.00141310962157537,0.0194291063752559,0.720524161716027,0.150301265847211,0.107,0.129,13453,12735,0.947,34880,15953,0.457,47.5355555555556,72.3954917800509,0.785901317606357,2.68613474673103,24.8014798283142,68.7531690488524,16.8341503275852,550.444479738107,1715.82730825905,0.996056327698814,5.9,23410,272,56,2250114,8259,7.8,34.6,24845000,56,0.498594203794105,1958,31,4402,514,3.91543598007977,1.17090520017418,9.04574035054,0.77,0.835,0.212121212121212,0.515151515151515,0.818181818181818,1,0.038,1223.360766,7402.051595,11.21,55.93
IA,2.7,20.3350034393737,8.95689961780131,0.4431,0.0684682695,8.8,0.7939354351,14.430349495,0.0576990432,7.218738e-4,0.001986554,4.1832460733,14.459397967,70.945414842,0.1414141414,78.121727855,360.04875902,4.8739546402,0.075,13.236316078,0.056518297,62.669034997,11.290241761,0.7151818525,0.1019415389,0.8626047271,0.1819939224,0.7871064718,0.7291516112,NA,4,183,0.00826132480353465,2.31157100155574e-4,6.84981580266048e-4,6.8484501640223e-4,0.00358646295222668,0.809306757307539,0.191264726026851,0.075,0.094,13171,12299,0.934,36843,19125,0.519,67.8068518518518,66.8753158707519,1.18153166523708,2.58414698031137,22.1330141293477,62.5604945990553,17.516000761433,386.900457092341,1580.87294685381,0.802544835665321,3.9,30701,345,130,3191520,9253,5.5,46.4,10989000,57.6,0.494629879124841,3805,7,3381,1896,15.3905278387774,0.229906620747741,22.0870593466933,0.732142857142857,0.857142857142857,0.0285714285714286,0.285714285714286,0.857142857142857,1,0.955,832.881737,16514.82017,11.55,60.64
KS,2.7,21.6588979091834,10.1609794861045,0.4579,0.0738819155,7.1,0.7992736259,18.981923932,0.1086675955,7.783051e-4,0.002374751,4.4119639569,13.221644514,82.351083676,0.380952381,77.005101643,402.21404285,6.0676797806,0.099,17.953134899,0.057410738,58.801548246,14.040498089,0.6685108847,0.1074405092,0.8794395086,0.2001826425,0.7893912836,0.6543968909,NA,1,119,0.0108013062044712,7.2590763991629e-4,8.37977006184453e-4,5.58554055020305e-4,0.00112623876153344,0.638594504607672,0.175525193017601,0.099,0.134,13501,12435,0.921,34551,21865,0.633,74.8609259259259,58.4752600219171,1.21734641386988,2.0990477698857,18.6328552976234,59.2490788253642,18.5377007333093,392.682160720621,1455.21895690731,1.93428978727723,3.6,39525,804,164,1867749,2324,5.2,64.9,1309000,58.2,0.53352220475244,704,1,2457,852,14.9359217490201,0.38309863811508,18.7125616785716,0.768115942028985,0.855072463768116,0.365853658536585,0.317073170731707,0.951219512195122,0.951219512195122,0.963,430.372195,7230.615276,8.54,56.89
KY,3.9,15.589077531969,11.5095923273386,0.4768,0.0886438095,6.8,0.6950896571,25.692940711,0.0677037449,6.244742e-4,0.0029277687,4.9265280922,10.249714263,106.17641605,0.1333333333,73.956017893,538.18683005,6.1875903407,0.129,43.435869436,0.082145522,62.059333002,17.622217118,0.6811744037,0.1150823011,0.8557974611,0.2031614801,0.7881495541,0.6354974415,NA,2,126,0.0143464169967591,0.00179521081423402,0.00301333604805049,0.00192686626916045,0.00912956882838511,0.903614097165523,0.179350817634692,0.129,0.152,14062,13188,0.938,26402,23048,0.873,32.7624074074074,72.8089071302637,0.967541250346921,2.64417109681857,26.1182969229277,69.8178541812795,16.3546705356856,604.767063001178,1849.55204392305,1.38024340978167,10,21842,179,64,882619,4929,5.2,52.6,34689000,57.1,0.549405242064559,1567,46,2034,86,4.07690763294825,0.40795625392395,4.5566947994633,0.702702702702703,0.72972972972973,0.484848484848485,0.424242424242424,0.848484848484849,0.939393939393939,0.246,1018.200767,3289.317869,12.52,55.67
LA,3.7,16.6439186119457,15.1466733577809,0.4952,0.1093352408,4.8,0.7510610794,27.002639422,0.0915001046,6.941971e-4,0.0033902359,5.66695744,9.3749047101,105.51330104,0.78125,73.972728439,535.71648307,7.5791847166,0.148,40.42201271,0.0959116284,56.592628123,17.547216208,0.6716462807,0.1455321503,0.8298719058,0.2550417042,0.7150948787,0.6194182596,NA,0,70,0.0106774374150204,6.36139329074792e-4,0.00234943021012776,8.50196676889691e-4,0.0141517077886295,0.922304544217736,0.202000121841343,0.148,0.216,16800,14264,0.849,28835,16072,0.557,34.2205555555556,66.3971182860291,0.653271913566709,2.37809818626131,20.9071043762691,58.0591722383995,11.1523974889252,735.722249953801,1639.95770775796,1.96080651825139,9.1,26054,319,57,1149635,3600,9.5,30,12981000,58,0.562122302158273,11,NA,896,9,5.40448731450382,0.295052976339389,4.0373687367719,0.574074074074074,0.777777777777778,0.5,0.227272727272727,0.636363636363636,1,1,2921.955226,1907.515626,7.64,49.27
ME,3,21.3460561592348,21.7889385726399,0.4566,0.073829546,8.5,0.659893611,10.714030529,0.0734386303,0.0010734219,0.005448482,4.5424277935,10.690495224,103.93253968,0.5625,77.760183971,369.62565447,5.759868614,0.105,36.344858112,0.0689692357,75.489271333,12.13607981,0.7346769579,0.1161392534,0.8733444565,0.1555407207,0.8273085518,0.7736757549,NA,1,42,0.105599772598067,0.0139765803437735,0.0401391102738734,0.0300738563309205,0.198478251369137,1.00444698112374,0.274904797314045,0.105,0.146,17275,14578,0.844,35340,20000,0.566,26.3922222222222,66.7252720330034,0.574557565589523,2.71793226283686,19.316317251752,48.9016193450534,24.324852903887,1409.03383380248,1425.41416112504,1.63512708501181,22.3,23062,174,58,649229,3729,4.4,34.3,10744000,57.5,0.771089108910891,35,4,861,52,0.268066545155867,0.00102161703276042,0.240162049122247,0.794520547945205,0.753424657534247,0.851851851851852,0.851851851851852,0.62962962962963,1,1,229.80979,329.3092433,20,73.04
MD,3.2,22.3684213614955,8.41346068370159,0.4559,0.0872047945,8.8,0.9197581308,13.330778703,0.0697772457,8.47833e-4,0.0034272774,4.5974711246,8.8481522447,91.780690984,0.125,78.020466993,375.40946031,6.2055630526,0.097,43.122394187,0.0599602971,63.235553663,9.2840862928,0.6747076515,0.1406357283,0.9056357641,0.2553021076,0.8634224782,0.7041294454,NA,1,87,0.0458167330677291,0.00430097404673435,0.0164940238100313,0.0132747318588828,0.0441316822139966,0.567437651560833,0.202008695866499,0.097,0.121,19384,16493,0.851,28438,15669,0.551,48.9996296296296,74.3170905293569,0.800509635362691,3.09125961718641,30.9933104952635,66.0710375554654,18.3475565306628,707.512841047398,2173.53365735011,1.53564150988206,11.1,34886,158,40,1459780,9262,4.1,58.6,7185000,57.8,0.617411982297378,344,14,1148,26,0.594103000177394,0.00719267420891806,0.82754385428219,0.5,0.392857142857143,0.05,0.7,0.7,1,NA,1922.943884,935.1928579,12.37,78.36
MA,3.8,25.0872898747404,8.61260274849516,0.4878,0.0755944137,9.2,0.9457588191,6.9062567518,0.0291447028,0.0010097752,0.0073725568,5.4677401351,8.9953459858,72.542693363,0.6428571429,79.89856531,296.93650802,3.8641335353,0.081,34.168159146,0.0497837392,62.604316066,5.835189366,0.6243502816,0.1617560079,0.9067039524,0.2494249539,0.8336688599,0.7270951911,NA,3,202,0.0880982634476917,0.0387821352161947,0.138721031159775,0.0422737955830496,0.305319346927751,0.666205660305197,0.202607023534351,0.081,0.084,21851,15874,0.726,33377,25919,0.777,29.8918518518519,71.4357334710468,0.693496408034552,3.16880777166129,31.7387285203374,64.7768298289039,23.5146655074752,604.756978763681,2377.70742807837,1.26554601893975,31.8,44256,66,20,906940,13831,3,24.5,6885000,58.7,0.768388903028761,59,8,1602,53,0.105927359332488,0.0259932720801077,0.143577670352751,0.6,0.8,0.3,0.4,0.8,1,0.994,1230.143382,225.5344858,15.85,68.43
MI,4.2,18.9035026466328,12.4702676398177,0.4642,0.0882475507,7.2,0.8560608955,14.65144778,0.0602149163,7.835189e-4,0.0033639246,4.6133924887,9.4649078567,84.223253348,0.3614457831,76.649351048,413.602151,6.4873696938,0.117,27.43947077,0.0706292295,73.087099261,10.406322862,0.7249405313,0.1230997906,0.8782099808,0.3362838882,0.7799385223,0.7357292706,NA,7,324,0.0334569228406573,0.00463180063122582,0.0108728217939538,0.0109375901977811,0.0499885160952759,0.890054679105096,0.184186119420532,0.117,0.131,15148,12473,0.823,28663,17316,0.604,51.1174074074074,64.3599073069154,0.911344983446111,2.84618127570407,21.7052569281049,59.9822587910145,24.5535089584488,766.219652166539,1753.30791875243,1.80197665079213,13,23853,208,50,1221746,5879,5.6,42.3,22858000,56.5,0.548394357743097,1270,32,2511,683,5.28002590374346,0.0615298474211685,5.02625855453278,0.704433497536946,0.733990147783251,0.603448275862069,0.706896551724138,0.931034482758621,0.982758620689655,0.063,1791.500519,4313.470429,16.54,75.46
MN,2.7,24.9224394434017,9.53625484972469,0.4496,0.0688124019,9.1,0.8642730545,10.086602221,0.0529865428,8.818392e-4,0.0033525246,4.270609174,12.403217583,73.364396591,0.2413793103,79.678481877,300.75552562,4.8166129475,0.068,18.806936855,0.0464504202,62.695922572,8.055774119,0.7232313266,0.1103162889,0.8971192212,0.2404407097,0.825853281,0.796696447,NA,2,429,0.0161450305962064,4.78019578403936e-4,0.00156845895160036,0.00165935815751206,0.00538503186756227,0.565791840687984,0.17127103931648,0.068,0.092,17201,14304,0.832,32973,20030,0.607,61.4366666666667,58.2655524114976,0.950966441142014,2.21336259878902,15.1709104552451,53.2516201702911,25.1566697700594,797.905306742274,1194.07079032887,1.39241772759933,6.4,26412,388,130,2371007,6107,5.6,39.8,5384000,57.1,0.458821642693247,1695,15,2063,819,8.21879328731263,0.637032333953172,15.9042900804673,0.706467661691542,0.766169154228856,0.527777777777778,0.416666666666667,0.763888888888889,1,0.903,622.737709,10038.89136,17.05,59.96
MS,3.9,14.5368491537462,15.3754135874028,0.4834,0.1204567461,4,0.5767696998,28.646349763,0.1433129396,5.332267e-4,0.0021605023,5.3322951139,12.454385052,99.902243949,0.256097561,72.528065664,601.07259247,8.7267003691,0.163,19.86978376,0.0899447054,51.625053378,25.416668086,0.6915958615,0.1305364458,0.8002343773,0.2779300664,0.7557846595,0.5869882737,NA,2,49,0.0078938958133589,0.00158879212878624,5.76519121823765e-4,3.36211887448433e-4,0.00280039162077045,1.04878041436343,0.146237088804396,0.163,0.188,13811,13530,0.98,26235,20580,0.784,52.9027777777778,67.3112856819418,0.430689035774635,2.43375868421919,21.0606809845737,59.5043452499108,11.4110808956401,812.70601316438,1611.0745663653,1.3672308911666,5.8,25771,328,100,1103669,3369,7.7,59.8,62586000,59.6,0.53165689869215,44,2,524,23,2.71499012549362,0.0483135772712322,3.87738041296178,0.708333333333333,0.729166666666667,0.909090909090909,0.545454545454545,0.954545454545455,1,0.719,255.288255,2654.540548,9.66,42.81
MO,2.5,19.1611363267779,12.0465969953811,0.4661,0.0879730648,6.9,0.7689449063,20.0466593,0.1135812794,7.039346e-4,0.0024634357,4.5420441676,11.437720679,100.03209745,0.3739130435,75.835185618,455.994023,6.1408388469,0.116,30.410957524,0.0730783028,70.878664409,15.510631325,0.6760109733,0.1151509048,0.865701185,0.2794143202,0.7924900161,0.6535392749,NA,0,116,0.00975115773663909,0.00129407168336551,0.00238150286500217,0.00327345226808533,0.0146610653505179,0.742694630659632,0.174300084948703,0.116,0.128,15053,13297,0.883,27248,20748,0.761,54.1414814814815,70.2304338428537,1.3635762824079,2.53531647965525,22.6194562223296,64.2734869072845,18.4622156653122,539.97422063064,1502.57873232479,1.39117400132546,5.5,17047,308,107,1418375,4612,6.9,46.5,37439000,57.9,0.580881479428187,1891,33,3455,377,9.68448914587807,0.164905496712771,11.6395742284478,0.671641791044776,0.791044776119403,0.5,0.30952380952381,0.69047619047619,0.976190476190476,0.838,624.948681,6146.928109,9.43,50.29
MT,2.6,22.4939329992087,14.2073323927874,0.4644,0.0763929784,8,0.7372823906,16.677398289,0.1049899913,8.331288e-4,0.0037546744,4.4050404416,13.692291113,99.283992469,0.3392857143,77.224599546,389.98671059,5.3150914147,0.085,15.490409777,0.0776429117,80.601691798,18.019608721,0.6902912031,0.1228244654,0.8661754337,0.2532075497,0.7886710624,0.7327963875,NA,0,34,0.0154537212560785,0.00638304848216661,0.00346173878659146,0.00358694406052805,0.0131190482110719,0.673415061115384,0.242106790230799,0.085,0.121,16168,14238,0.881,28152,19519,0.693,88.2927777777778,42.5117547377707,3.05720796273861,2.15664114117795,14.8110173043764,49.3968535067973,45.6868332391494,448.138096159153,1564.15654481368,2.24633845017496,8.2,41532,2374,250,3078961,1297,6.9,45.4,4524000,59.3,0.668179035684707,355,10,2170,155,5.37811146961435,0.255235483602952,12.7655696022488,0.550335570469799,0.543624161073825,0.84,0.8,0.92,0.866666666666667,0.513,346.553688,1468.742536,19.36,69.83
NE,2.3,21.8268739991506,8.44835576393565,0.4525,0.0750014217,8,0.8421196184,16.00841856,0.0845205988,7.445159e-4,0.0032003285,4.2270730023,13.566282289,62.860118889,0.2444444444,78.437909853,345.16398358,5.6387180753,0.1,10.093130982,0.0416485704,64.776295786,12.46265097,0.6654623579,0.1089124266,0.8836354409,0.2592107063,0.7946371281,0.6962804683,NA,0,42,0.00915038557521527,4.81413266158504e-4,5.63212723671029e-4,5.12555536765932e-4,9.88529105001741e-4,0.596456461942297,0.22036555497491,0.1,0.12,13970,12555,0.899,35525,17012,0.479,51.2055555555556,46.2217747930363,1.36608583901541,2.16223784845441,16.7620299040416,48.624258159626,18.4281864729226,270.95836859235,1480.98824499897,1.40165173444741,4,49199,989,233,3397806,3437,5.1,52.4,191000,56.9,0.499243790885402,719,NA,2397,449,14.8842689651658,0.24366119132878,19.3645268976086,0.598290598290598,0.666666666666667,0.175438596491228,0.210526315789474,0.701754385964912,0.982456140350877,0.993,426.554474,9976.986868,12.3,59.56
NV,5.4,17.2551981051638,9.67790759859263,0.4675,0.0898387236,6.8,0.9064611575,18.671720184,0.1376171309,5.671136e-4,0.0025064731,4.3997761791,4.3352541404,83.657917261,0.1875,76.962479176,417.41174822,5.5517903306,0.13,25.9335047,0.0988343436,49.071143588,11.349427629,0.5843232323,0.1658155379,0.8874046015,0.1443505976,0.8534318787,0.6785093204,NA,0,28,0.0249839846252402,0.00241746997179271,0.00408990070658896,0.00814645699977388,0.0270610755032141,0.574618869344184,0.107200151244686,0.13,0.185,28736,22085,0.769,31589,15040,0.476,46.7733333333333,28.2849694149807,0.688548468610941,0.504029277042043,4.84344468061876,18.2170455321339,15.8862861846505,181.786773308242,533.685449648281,1.34470699943146,18.1,70670,1889,40,2121394,1123,2.3,54,23000,57.4,0.743483412322275,16,NA,321,30,1.25954834521811,0.00124458575902289,1.13410547059121,0.636363636363636,0.509090909090909,0.846153846153846,0.730769230769231,0.807692307692308,0.961538461538462,1,266.15034000000003,190.306631,19.01,42.97
NH,2.5,23.6815851559077,14.8701851374671,0.4426,0.067213386,9.5,0.8499443569,7.0110853739,0.0632361074,8.704154e-4,0.0038058214,4.3162908538,10.043254389,87.918944926,0.9,79.212913375,315.39366613,3.9146074812,0.068,30.158119922,0.0476720937,69.488103998,8.6395740595,0.722681044,0.1222571118,0.9101108755,0.1426480848,0.7848553333,0.7567652305,NA,2,50,0.118004558115979,0.0182106985848603,0.120579693867728,0.0522133619998075,0.200470108782851,0.700182574688817,0.179532812415029,0.068,0.085,22269,15614,0.701,31347,10625,0.339,29.7674074074074,71.5212368220235,0.768740055858307,3.11024603925831,28.0735468838091,60.3670176080207,29.0323519943388,900.883921263331,2154.78787377064,0.65802745071639,23.8,27288,106,37,756278,7159,1.3,42.1,6377000,59,0.818854886475814,39,2,745,21,0.110876259242372,2.30403993827576e-4,0.0766199782766186,0.761904761904762,0.833333333333333,0.95,0.9,0.65,1,1,136.531874,79.32497058,26.01,69.98
NJ,3.7,25.4598916477867,8.47042599977638,0.4811,0.0785764433,9,0.9629672492,9.5577582306,0.0826234806,7.817954e-4,0.0029117768,5.1104989686,8.0790924483,65.543307609,0.8095238095,79.157780016,329.71937955,4.1383717692,0.088,32.188145388,0.0529588924,64.602114169,6.8291385339,0.6386642049,0.1731320548,0.9057944332,0.2924319642,0.8093046905,0.7389655934,NA,7,71,0.0449089817963593,0.0195772007546962,0.0594534972586138,0.0250176272776829,0.171450061199757,0.605779822415215,0.288241071400401,0.088,0.098,20883,15025,0.719,30180,20435,0.677,40.5883333333333,63.6437271503005,0.896311333053797,2.52954543392498,25.3985378784638,58.7896976319089,21.832164492848,510.628767876924,1801.36966544224,1.92940649388062,31.1,35804,71,16,1138045,15992,4.2,9.1,4445000,58.7,0.6113712924164,128,5,1403,25,0.0990183426204713,0.0020017141901397,0.26144110034171397,0.657894736842105,0.605263157894737,0.3,0.35,0.55,0.95,0.032,9162.264219,686.8651043,19.98,66.83
NM,4,16.0892470088737,13.8151023857312,0.4766,0.0927086211,4.5,0.7541064508,23.984738694,0.1258881384,7.438996e-4,0.0044550248,5.2433841742,7.9966841173,121.12327676,0.696969697,75.250642756,497.85653016,5.5145260687,0.135,38.534425801,0.1004262692,53.171654555,18.808824018,0.6866920423,0.1369678319,0.8171930438,0.2455943905,0.839894618,0.6113285321,NA,0,36,0.0139683447749809,0.00691446289567167,0.00358625666149887,0.00352827161146896,0.071743444298408,0.694645141805536,0.121846970717067,0.135,0.192,16356,13646,0.834,26649,13039,0.489,85.772037037037,29.5474858563879,1.03596281761045,1.10882404616778,8.21345212255545,26.6233833844657,21.3017698584932,327.612933681123,897.249419006928,2.27278322894357,13.2,30795,1865,38,1563887,838,2.2,69.6,489000,60.6,0.686212221486874,50,13,2543,207,4.27234906190072,0.0176288546644436,5.71709012282756,0.48,0.46,0.5625,0.34375,0.8125,0.8125,1,303.419604,947.6685248,30.38,48.53
NY,4.3,21.6360329566629,10.4765910737973,0.5147,0.0817434065,8.6,0.9321955786,10.941933213,0.0612466585,8.034921e-4,0.003557578,5.7993381062,7.8050352409,56.30300552,0.4677419355,79.679538529,325.20744935,4.3533095285,0.114,24.603313362,0.0662354708,74.293992392,5.7706173917,0.5428504852,0.1936699802,0.8818646482,0.3358597987,0.8676878629,0.6292697864,NA,8,391,0.0735725938009788,0.00690767487357682,0.0358512543777183,0.0483516089747641,0.104173271295854,0.792237385446649,0.532441647160013,0.114,0.154,23765,17282,0.727,27622,20959,0.759,23.2624074074074,69.1318873234163,0.787255803684306,2.84968510160282,26.1448366652641,59.5760278346107,24.0858932126779,778.427220531014,1985.98722762337,1.77463901011419,19.9,33147,212,78,870211,4102,3.6,61,28244000,56.7,0.619194707924446,420,22,2683,368,6.54331352287731,0.10027909721269,3.19936419739009,0.852459016393443,0.852459016393443,0.462686567164179,0.552238805970149,0.447761194029851,0.955223880597015,0.96,5202.526303,2044.014046,13.56,70.87
NC,3.7,21.3821535413836,13.3895555605721,0.4773,0.0935974131,6.8,0.7336675292,18.20578877,0.124692804,7.078841e-4,0.0031522652,4.7104447847,11.283117442,87.689361331,0.22,76.575851283,421.14856675,6.9565466842,0.118,29.687040189,0.0746629437,52.251291916,15.255212756,0.662072448,0.1257575968,0.8697162548,0.1973079505,0.8346114657,0.7234735307,NA,8,186,0.0272555293458206,0.00162626078142047,0.00464927944112993,0.00409451368227832,0.0146666264367871,0.844254261262316,0.189333541012766,0.118,0.154,15931,13882,0.871,25169,18297,0.727,41.0005555555556,72.0588461424019,1.12578134547222,2.69823299341897,26.1147036390211,64.5477679040754,21.8033872110445,821.372000413768,1984.49657673034,1.87500439007511,7.3,24146,190,48,1040748,5482,3.6,74.8,42756000,58.1,0.505954440893268,279,18,1649,61,6.52839113403125,0.0122385493655671,3.5127495526065,0.6,0.654545454545455,0.518518518518518,0.444444444444444,0.777777777777778,1,0.155,1026.866538,4498.955714,14.52,58.86
ND,2.1,22.346599348946,14.0551485595205,0.4521,0.0675516305,9.1,0.7646317389,15.17731098,0.0919011769,7.729551e-4,0.002234168,4.4232735355,15.497814047,75.122014339,0.0377358491,78.087906027,366.90677471,5.6362541,0.055,13.899029631,0.0518673631,58.25766039,14.139263873,0.6318405939,0.0999285558,0.8584136884,0.2209868436,0.7919173297,0.6404556236,NA,0,17,0.00470719642572203,1.51168167460389e-4,3.02006813029856e-4,1.56028615351486e-4,0.00176829684715926,0.592356395517072,0.243917635377602,0.055,0.075,18310,14778,0.807,39623,15833,0.4,46.8024074074074,34.897783515,0.582651002148816,1.21542049902726,6.80806746161965,34.0267609058533,15.2946218269053,358.489922554744,575.201344372456,2.08177519189647,5.4,59280,1537,510,3287801,2139,11.3,12.8,114000,56.8,0.440034790451954,410,NA,924,331,3.72280915144288,0.454744093562858,14.5670200714074,0.514285714285714,0.491428571428571,0.234042553191489,0.446808510638298,0.680851063829787,0.617021276595745,0.44,360.701273,5874.702391,22.76,74.99
OH,4,18.7184293226821,8.7941843487852,0.4664,0.0862009508,7,0.8387144043,18.404262088,0.0784336061,7.528003e-4,0.0032613823,4.653973451,10.709661964,99.449012342,0.2386363636,75.640426396,453.71999978,7.0601363234,0.118,42.238379284,0.0647628309,69.541302918,10.884754091,0.6682065925,0.11689387,0.87597131,0.2902756866,0.7949579832,0.6687756132,NA,6,257,0.0200502572063835,0.00208699157034485,0.00586362553096952,0.00263311959918342,0.0323655311395169,0.754085452967212,0.17559084428255,0.118,0.148,13881,12749,0.918,26953,18177,0.674,45.6414814814815,68.3933782521115,0.768131923820423,2.6445756943867,25.3908569857585,65.9485460208841,17.8313661215867,526.050098475243,1737.27892828488,1.13133439788866,7.5,17768,180,53,1444633,8043,6.1,43.2,42901000,56.3,0.501167375167948,2433,24,3697,309,4.64020249400702,0.266998093521121,7.14761206695853,0.75,0.65625,0.114285714285714,0.314285714285714,0.685714285714286,1,NA,1446.983055,6082.499291,7.96,49.92
OK,3,17.767651238424,13.0774482504301,0.467,0.0828947368,5.6,0.7054991055,26.806264716,0.1685218838,5.904723e-4,0.004257177,4.5847942145,11.265128345,97.942574568,0.7402597403,74.401609172,523.17643521,7.0532111347,0.141,19.850067001,0.0814600399,56.680056141,17.601992673,0.6594015542,0.1149008769,0.856178881,0.1744849685,0.7576092071,0.5465015057,NA,0,48,0.00770127028332717,0.00130425176239083,0.0017062174954268,8.20558070817393e-4,0.0138677592453582,0.836694095255859,0.155853323686726,0.141,0.191,14318,13242,0.925,26764,16250,0.607,53.0877777777778,59.7981445332835,0.884449800837239,1.8933215221175,16.284217945166102,52.7685004520378,16.7497330120145,528.385804565553,1142.80280165811,1.74057936004237,5.8,21938,467,120,1024758,2192,3,81.4,3446000,57.7,0.662548191423571,900,NA,3079,944,10.4732731656503,0.205364357814838,8.41050787106873,0.702702702702703,0.783783783783784,0.476923076923077,0.492307692307692,0.969230769230769,0.676923076923077,1,176.464672,2371.077856,9.19,38.22
OR,4.2,21.8127395721911,7.57720640998923,0.461,0.0674521596,8.1,0.8772734052,12.389646751,0.0735366588,9.394382e-4,0.0067717152,4.5269804472,9.7617727097,82.513866702,0.5833333333,78.706102628,340.47191687,4.6094639203,0.105,20.37716407,0.0798230106,64.529088438,12.108501224,0.6321525464,0.1536617635,0.9052558306,0.1537312915,0.8298464295,0.7639311718,NA,7,113,0.0443919318085914,0.00282137522547815,0.0172076714704676,0.0367648644265995,0.0981850097900421,0.728188353238997,0.181111422875864,0.105,0.124,20844,16057,0.77,29782,18398,0.618,54.5401851851852,52.5791023052415,2.9541082860633,5.5452820183088,34.905402863923,67.9167233392442,25.7951777545745,348.075161666859,3589.33845807566,2.31228014494819,20.8,34330,430,20,1589147,3693,5.2,31.3,80746000,58.6,0.790046972197537,309,15,3141,144,3.14917863501034,0.0797078823798142,3.59557329961778,0.75968992248062,0.736434108527132,0.84,0.62,0.9,1,1,460.75424400000003,2374.911333,27,85.16
PA,4.4,20.2052829712438,9.73566139743632,0.4731,0.0834638512,8.5,0.8613984788,13.244760761,0.0668589163,7.908019e-4,0.0026958047,4.8099670867,11.799547919,95.899597481,0.7910447761,77.297948652,389.93872149,5.8838429756,0.094,38.89564892,0.062509612,71.91600895,9.4363561622,0.6918904286,0.1268200043,0.8714019817,0.3060097291,0.799885746,0.7071597119,NA,3,193,0.0364299838949707,0.00458482812170553,0.0158175257274766,0.0262324175153019,0.060742967200628,0.724140706988114,0.207532531291416,0.094,0.122,15973,12624,0.79,29435,20241,0.688,34.5927777777778,71.5424847146824,0.776258298435009,3.02469196020398,30.8446861190649,66.1982332185178,19.1902431709302,528.837947732845,2185.72963183443,1.63593079905504,13.5,27613,144,64,1153908,8019,3.2,66,44590000,55.4,0.531380821559393,1115,37,3116,132,5.08004985241565,0.0538581915046339,3.0427758816829,0.666666666666667,0.53968253968254,0.488888888888889,0.555555555555556,0.8,1,0.169,5097.801,2591.221683,18.15,71.39
RI,3.2,21.4560395392618,10.5234829304445,0.462,0.0777632933,8.5,0.9527346523,10.194819351,0.048986703,9.674976e-4,0.0047973273,4.9158905242,9.7206122617,85.155890825,0.6,78.883722897,327.62398349,5.3206650831,0.093,36.082358684,0.0366739231,62.901726453,6.6382021276,0.6268812801,0.1512554467,0.891642894,0.2257749275,0.818458313,0.6502855274,NA,1,24,0.0787476280834915,0.0246902940859636,0.127415706129484,0.109975223526877,0.22953786491436,0.795719646668295,0.193933568765532,0.093,0.129,20849,14725,0.706,42199,40568,0.961,24.6133333333333,70.082134619071,0.598853120856002,3.20984354827039,32.7414166726967,65.6716690850417,18.3338101748149,482.732791769654,2227.15611236088,1.226520581699,33.7,28443,56,12,1348463,24059,2.3,22.2,1254000,56.6,0.759162303664921,7,NA,196,10,0.0102264185723363,2.13348756381524e-4,0.0211577189898327,0.888888888888889,0.777777777777778,0.35,0.5,1,0.95,1,83.390889,33.13159842,28.78,72.74
SC,3.2,18.9777394161687,14.3578185740477,0.4772,0.0978159169,6.7,0.6849632455,20.495650065,0.1225580257,6.733189e-4,0.0021625575,4.7624012044,11.393442702,100.80279499,0.2173913043,75.232196938,478.84668299,6.9129504442,0.099,32.164635626,0.0782837052,48.30591942,20.640020809,0.7091456859,0.1276525143,0.8503384682,0.1595693879,0.7861122557,0.6530662289,NA,1,87,0.0178942252463217,0.00316949478722914,0.0066095892576895,0.0137436630433113,0.0545242550377168,0.958333026275094,0.171028601911769,0.099,0.126,15897,14163,0.891,29793,20256,0.68,37.3009259259259,68.6193657875687,0.52365005278164,2.63776187406493,23.6038278495319,62.029817208419,13.3867983141941,740.124799755806,1890.22725883023,1.92203854865415,8.6,27343,201,54,876265,4355,4.9,63.5,52935000,58.9,0.551193041257681,113,17,959,32,0.828578613953036,0.024783554188163,1.19169339816678,0.606060606060606,0.606060606060606,0.55,0.4,0.7,0.95,0.501,1198.701578,1162.096988,18.94,73.99
SD,2.1,20.9364553037673,11.4569755157921,0.445,0.0690686624,7.7,0.7325433336,19.960504329,0.1146095113,7.985472e-4,0.0022696697,4.1113579293,15.78107968,86.944671141,0.1515151515,77.261053005,385.73297113,6.5885264997,0.081,10.251605835,0.0551857152,67.118181739,16.361511999,0.6843403136,0.0929431507,0.8675672443,0.2462192702,0.792377167,0.6553449172,NA,1,16,0.00685536591398989,0.00127411776756879,4.49083800243135e-4,2.17622809035019e-4,9.15020805590935e-4,0.755098177111508,0.217872498232683,0.081,0.112,16374,14638,0.894,34123,28203,0.827,49.492962962963,36.8078701477847,1.44923809325384,2.02452285080305,14.3986398923154,46.4641639191059,23.5477378300107,316.620454522737,1481.53278831032,1.78632829345779,5.8,53088,1495,319,3875318,2592,6.8,40.6,465000,57.2,0.464053185352051,923,NA,859,263,9.38836492895547,0.391984209990875,15.5087941150543,0.461988304093567,0.432748538011696,0.275862068965517,0.344827586206897,0.603448275862069,0.655172413793103,0.435,318.932278,5432.711658,10,49.58
TN,3.4,18.6899522391773,11.0531491223757,0.4762,0.0915089558,6.5,0.6740742081,24.160913499,0.1187254014,6.958922e-4,0.0018793594,4.6281310921,10.968832802,108.06028109,0.1684210526,74.122241693,528.17001109,6.8782460207,0.115,43.187387736,0.0731062518,66.809777331,16.570131262,0.6705857641,0.1203310212,0.8574605649,0.291855994,0.806060388,0.6008868137,NA,1,91,0.0142777909832818,0.00473877908961653,0.0054295321441401,0.00584359645760907,0.0170946364623833,0.91787485698428,0.161324036935379,0.115,0.128,17058,13629,0.799,25901,21971,0.848,54.9659259259259,73.7090130567696,1.01252961045581,2.56248436043159,26.0879570330113,67.3913413488636,15.5387467316269,701.519464394761,1855.58186383001,1.51805401926792,8.8,14708,170,56,877007,5156,6.3,41.8,52180000,58.9,0.562077684604506,426,22,1800,61,3.55857012048372,0.0849889942360145,3.52370548521393,0.692307692307692,0.512820512820513,0.461538461538462,0.461538461538462,0.884615384615385,1,0.151,325.701446,2173.406129,17.46,66.46
TX,3.9,20.7234613515938,9.99074128970377,0.4761,0.0847967846,5.9,0.8180103587,24.31557377,0.2031901886,6.034285e-4,0.0015671219,4.8075553087,7.4224613223,63.004593894,0.5551181102,77.176201414,403.26696883,5.5721659441,0.137,13.98652626,0.0826230671,55.26017067,13.493972303,0.6239639607,0.1409184334,0.8840408127,0.2593145131,0.8007383184,0.6090295245,NA,3,211,0.0085319645195134,0.0059624962705836,0.00351731725377792,0.00317217622362552,0.0120776355296421,0.639154193213702,0.123740527603552,0.137,0.181,17473,14964,0.856,30202,20378,0.675,56.9759259259259,54.1464863343107,0.837169389772914,1.65964761471128,13.4268904612117,43.7418658652667,16.7088874180578,445.822776838475,1011.03018830374,2.06180600935523,7,35256,544,59,1359449,2499,3.1,77.5,30339000,59.9,0.647797477315143,540,15,12176,2243,31.2270067588788,0.600849412929032,26.7050344146536,0.668508287292818,0.679558011049724,0.617283950617284,0.567901234567901,0.790123456790123,0.728395061728395,0.999,9611.061233,8539.66116,12.44,59.81
UT,2.3,23.9061410190931,8.58681946649648,0.4286,0.0729446936,8.1,0.8482483886,12.081680381,0.1011386404,5.602199e-4,0.0038558921,3.7453129158,3.5440648896,68.189390755,0.3103448276,79.052512486,309.74901262,5.3378772199,0.095,18.940531021,0.0600151866,69.814614614,8.6817313481,0.7072248426,0.1078539929,0.9191960249,0.1350784246,0.7151450977,0.7145290569,NA,3,29,0.0167951225123663,0.0058378936094069,0.00653656178387579,0.0027950997566619,0.020411701752393,0.434079529023389,0.123577990365518,0.095,0.098,14218,12520,0.881,29514,22766,0.771,54.5835185185185,31.4900141721368,1.58232606975852,1.13721910839536,7.94586726771897,28.6762573151397,28.2664227958393,285.823777569289,872.618759592812,1.63591936523808,14.6,20440,604,20,1837389,3044,1.5,69.3,132000,56.6,0.601187163791504,111,12,1573,65,2.4588296699415,0.0102895985766146,2.09024167331471,0.675925925925926,0.564814814814815,0.580645161290323,0.67741935483871,0.838709677419355,0.838709677419355,0.993,722.01741,600.3254886,18.57,71.97
VT,2.6,24.3150274598994,20.6720813515626,0.4486,0.0696070949,9.2,0.7096988386,8.013934835,0.045007422,0.0011121954,0.0054337747,4.4642351831,12.624502378,95.899851791,0.4285714286,79.215875992,324.68323543,4.0648301574,0.089,30.376574431,0.0513913886,64.190218068,9.718907349,0.72678648,0.1400401532,0.8609445644,0.1234995284,0.8992567987,0.7458292286,NA,2,74,0.13079394217531,0.00452093217730648,0.0415981896913842,0.0469456849342911,0.139088109299899,1.00249522971859,0.341541007369589,0.089,0.103,20838,12390,0.595,26226,14504,0.553,23.8288888888889,69.3602220985978,0.851921153338647,2.93089750921596,25.7431982114506,59.0752026714281,26.7714208056425,869.017535069474,1903.31475989665,0.628458000777706,18.2,25135,180,73,741648,4130,1.4,68.4,16589000,57.7,0.690744920993228,34,17,1461,72,1.04834698155409,0.0148833227766001,0.443155135764151,0.756756756756757,0.756756756756757,0.85,1,0.8,1,1,579.887254,255.6761904,34.67,85.79
VA,2.9,23.0803721215,9.25469307930273,0.4724,0.0828483626,9,0.8364889653,13.456691668,0.0796268225,7.455214e-4,0.0024326263,4.8507735311,11.04454684,71.833090518,0.2,78.138375703,361.89028086,5.8170028818,0.081,24.887113481,0.0585056056,51.021131091,10.246703062,0.6685254558,0.1269510302,0.8868701091,0.2002210138,0.8026962184,0.7196088111,NA,5,286,0.0313373509424285,0.00947688235752538,0.0248725599945812,0.0537482183162551,0.0572718916765416,0.69184171554281,0.178814606585276,0.081,0.088,17031,13708,0.805,27336,19375,0.709,49.197037037037,74.3377568363187,0.999742593197124,2.86754410645913,28.2280051750734,66.4124160163919,18.0608130617794,770.937394551096,2024.79788053127,1.41306108342746,11.6,21234,187,62,994096,5303,3.7,65.7,44566000,59.2,0.601743917106115,485,12,2173,35,2.94764125365729,0.242495720452249,2.08849570899502,0.701492537313433,0.671641791044776,0.619047619047619,0.380952380952381,0.80952380952381,1,NA,1334.725986,1464.746774,29.4,82.18
WA,4.2,23.2721886165653,7.36794452409224,0.4637,0.0666326991,8.5,0.8547041957,12.511520257,0.075853845,8.32182e-4,0.0049933302,4.4372192188,8.2753002704,73.885457692,0.4358974359,79.401232801,319.19553293,4.3997527412,0.089,22.805376289,0.0728049357,60.106127364,8.4580814547,0.6378242738,0.1388367942,0.9209867377,0.1780691063,0.7866356216,0.764808701,NA,5,117,0.0420875420875421,0.00238747034483277,0.00774312374976199,0.0140455623824263,0.0991381297929385,0.597698109223813,0.214539911277808,0.089,0.118,22311,19626,0.88,31745,20613,0.649,58.9405555555556,59.9761709601861,4.32406685550354,5.83630787122132,36.3050857131972,71.8183115242983,31.0543118866318,415.927068599009,3851.86442214041,2.39277210053561,25,48891,432,22,1651925,3824,7,28.2,28010000,59.3,0.736396782543349,161,21,2326,209,3.98517407461534,0.091230435107135,4.24152516740781,0.873949579831933,0.823529411764706,0.875,0.825,0.825,1,0.918,1517.071119,4118.925535,20.18,71.01
WV,3.9,13.5079892004036,16.6563850911724,0.4715,0.0960878189,6.8,0.5781416902,24.328335973,0.0765621352,7.5829e-4,0.0017930818,5.0692054027,12.731644418,142.35799439,0.4545454545,72.942941013,587.13030625,7.0447751899,0.117,69.049885884,0.0892182759,61.30174624,15.880776297,0.7416163901,0.1040908386,0.826815541,0.1580160422,0.7598443099,0.5562744789,NA,0,58,0.016983367709659,0.00372982754163743,0.00714523114907176,0.00510464091837111,0.0185172484740416,1.10137431704061,0.179144030161738,0.117,0.14,14218,14037,0.987,28585,21146,0.74,53.4442592592593,75.6474700806301,0.887440994867696,3.13397672534483,31.5795499752809,70.1672875608321,18.2089090127851,638.193455999226,2164.17191745113,0.594321531753576,7.2,11268,156,81,514419,3303,1.4,75.5,18539000,58.7,0.559884221231323,135,5,811,76,0.741467368860945,4.15551849197202e-4,0.582972906569585,0.78125,0.65625,0.55,0.55,0.75,1,NA,13.521541,182.9058148,24.74,84.57
WI,2.9,21.0639228762268,11.3008504994129,0.4436,0.0767450138,9.1,0.8372708026,12.232155527,0.0645640796,7.99368e-4,0.0025130084,4.1686010619,11.011026631,93.089695874,0.4166666667,78.240269342,344.10542716,5.9682318779,0.072,25.679452854,0.0528914888,76.689538113,10.432302378,0.676808131,0.111790779,0.8774687815,0.2717621225,0.8054955839,0.7508363138,NA,4,225,0.0278532492609491,0.0012438034395327,0.00489604629799302,0.00524505383027981,0.0181354566022188,0.644129917601554,0.178071622901119,0.072,0.111,14966,11978,0.8,32706,17761,0.543,54.0074074074074,63.5399172215611,0.929073388214926,2.59728756537934,20.3256746082968,61.1342911051148,22.4151452720652,661.10644800295,1576.30644875075,1.47055218397633,11.4,15392,236,85,1440749,6117,4,61.5,28157000,56.7,0.556830655623191,1231,31,2414,263,12.2957750193162,0.166642808042787,8.67169959413737,0.801104972375691,0.839779005524862,0.258823529411765,0.423529411764706,0.823529411764706,0.988235294117647,0.93,644.952168,4674.987322,16.42,66.64
WY,3.6,18.201285343107,14.3199007651185,0.4476,0.0925283217,7.1,0.7786187421,20.065710393,0.153421223,6.979922e-4,0.0038356947,4.2916321458,13.82162843,97.585661018,0.5652173913,76.811054805,413.31314107,5.3001304,0.106,16.49529568,0.0631980029,69.370977929,17.426355827,0.7191487726,0.1061386279,0.8818907053,0.1575355146,0.7007006538,0.6397147156,NA,0,59,0.0189681335356601,0.0154994191311151,0.00295715068657514,0.00306588784199866,0.0173510754042179,0.583687720315269,0.167724931112975,0.106,0.122,17544,14178,0.808,26415,26230,0.993,72.8653703703704,38.0293337054146,4.3173203096649,2.09719900526041,14.1221783296662,44.3020159408506,58.4112773274681,456.726579548232,1594.64209753028,1.5369384102328,10.1,27603,2729,170,3442320,1261,1.4,77.6,768000,58.5,0.721326164874552,57,6,1352,165,2.97174708477824,0.10645446385256,5.32359617939225,0.732558139534884,0.686046511627907,0.75,0.661764705882353,0.794117647058823,0.779411764705882,0.971,185.86539200000001,409.5569446,11.35,67.86
